Age,Friends,Recommended
-0.08040240403847877,1.0555249168989913,0.0
-0.5836887251663558,0.9037464172188924,0.0
1.8275242588895915,-0.09128687960063075,1.0
-0.02086305976628974,0.5189328783166165,1.0
1.5007934215551153,-0.29455270877648215,1.0
0.41541379288652897,-0.3267444859732079,1.0
0.19383557851490052,0.9493867745521167,0.0
1.249898257935665,-0.580273100130322,1.0
0.5508581210757826,-0.35719339038638737,1.0
-0.35591632892175074,0.9180031746739328,0.0
-0.6839047850135851,0.2482564416203394,0.0
1.7455735839579818,0.08893641265733195,1.0
0.15982153231413518,0.44396287991737443,1.0
0.3649643120309741,-0.30382601203022924,1.0
-0.9917321998676583,0.2705172127219,0.0
-0.5072182786338848,0.7623625701382267,0.0
-1.0438268799234436,0.19362621653846962,0.0
0.9075646047029966,0.7186712994753464,0.0
1.4579896173048579,-0.3513897187891974,1.0
-0.12073758860496409,0.2731859558674441,1.0
0.7758764828597396,0.4187392949156805,0.0
-0.7666380949825847,0.3338409804945842,0.0
0.09927359820160281,0.3464865893357859,1.0
0.9509109347558904,0.1940881879274928,0.0
0.978362458909795,-0.22163386424642334,0.0
-0.4179062415105702,0.9634457691165232,0.0
0.9181958978129238,-0.4809127731107314,1.0
-0.7260327991650932,0.555664838753098,0.0
0.7535244498525968,0.6238078863672232,0.0
0.35948638839231817,-0.5821621110153954,1.0
1.8994535678832818,0.007855594567168889,1.0
-0.06291815701747847,0.9993703261806327,0.0
-0.09986519202741963,0.9234809870309791,0.0
-0.8968908114958424,0.16706487697951367,0.0
-0.9021265512812725,0.5372091259639166,0.0
2.019497629104479,0.4062124104334543,1.0
-1.0353118304316795,0.29924075250643983,0.0
2.0522505989964683,0.3251532780545585,1.0
0.05504009004087675,0.23707868959832137,1.0
-0.4780310585447957,0.7493250106257713,0.0
2.1048483196036356,0.5238671688314632,1.0
1.1615278990981102,-0.5738506576643726,1.0
-0.06477689390185248,0.9056398602891744,0.0
0.6016976393756283,0.94528130106957,0.0
0.8381198240310261,-0.5678634204009013,1.0
0.3683765633529803,0.8399510177527201,0.0
-0.6165055669535154,0.7406667153627242,0.0
2.081544849840075,0.22235983641129936,1.0
0.05935787335564098,0.06898676255531239,1.0
-0.8814638618939056,0.3774274151904207,0.0
1.8181645169485152,0.13028116685861446,1.0
0.1476117784458881,0.9481826803698982,0.0
-0.04878001036437525,0.1221939848555274,1.0
0.2995270582485108,1.0615021456243947,0.0
-0.7868522254688539,0.6434915686565238,0.0
0.8116312190084951,-0.506147612347818,1.0
-0.599779279068055,0.8460220831786988,0.0
1.489417348416136,-0.5876083773248244,1.0
0.6993763574998124,-0.27648688007248834,1.0
0.21775443231567385,0.03666947727855041,1.0
-0.3451116750015753,0.8754606184211783,0.0
0.05758312783336275,0.14353656028657846,1.0
0.5631439986452644,0.8823155813572027,0.0
0.5772213687314369,0.9021201062030895,0.0
1.1240361115290032,-0.45850549039493016,1.0
-0.5920243193818765,0.8840419069511043,0.0
-0.4358539277655664,0.9883777607050979,0.0
0.6505163554792563,-0.43303974698837183,1.0
1.5533368903433846,-0.268067485154207,1.0
0.7194546544098029,-0.40087913710641077,1.0
-0.16762636608840492,0.7511189310702641,0.0
1.2655317534815906,-0.4070138707863073,1.0
-0.11923639257276468,0.8748358915631013,0.0
0.14918794638435817,0.30418962333564814,1.0
0.5248558130266157,-0.38908571995172425,1.0
0.813265034159015,0.34213727001672656,0.0
-0.8756265196353427,0.08524679014137088,0.0
0.1223966228127763,-0.0010314288307095073,1.0
0.9283517259017319,0.1882447720111894,0.0
2.009549229458979,0.46017147589532337,1.0
1.0348977103022239,0.48196329960202305,0.0
-0.026425012537993477,0.49774501023367024,1.0
-0.8866320272975832,0.2375354610889104,0.0
1.9309360072194737,0.37202733964916784,1.0
0.32653771482468796,-0.17575967732022785,1.0
-0.9300945771432771,0.040441761634198554,0.0
1.9348268353472011,0.44341414868772633,1.0
1.9440441192552578,0.49803930446192224,1.0
1.1167054994266299,-0.7707350873451305,1.0
1.6291531768693448,-0.26396102870480553,1.0
2.1143846314771526,0.13443523217104908,1.0
-0.011634826870762706,0.32021354258030116,1.0
0.6082916310950326,-0.5069433484772567,1.0
0.6304514021785477,0.7805880382142318,0.0
0.9223058667276284,-0.5512635521098062,1.0
-0.6294999317719934,0.5518014953102244,0.0
1.9673968606579382,0.5854687079124608,1.0
0.22538359590656495,-0.3273390231726448,1.0
-0.15966976480516673,1.043964389846618,0.0
1.1226665554034958,0.024154478067831497,0.0
1.1326159925671524,0.5074743560758391,0.0
1.2382690338160887,-0.40865641902823296,1.0
0.4726784911833697,-0.27525290249740963,1.0
0.7048608139095475,-0.41940490549840315,1.0
0.9127129204097172,-0.4859353525994221,1.0
1.0186467617174861,0.10464114175352271,0.0
0.8091830961514835,0.5392698974155777,0.0
0.40812878222954974,0.8573166301757891,0.0
0.7324283714727571,0.4958685448983975,0.0
0.5691119776028036,0.6506151967983262,0.0
0.48519139385185533,0.9648919350890711,0.0
-0.9104709808237621,-0.029775116706698995,0.0
0.7964986358396464,0.4163786983474044,0.0
-1.0169840936347179,0.4698362918077439,0.0
1.4191110317684912,-0.5731510921379221,1.0
1.3843429420672562,-0.3796410162719846,1.0
-0.327754155232399,0.8549627567789337,0.0
0.46784202389838636,-0.4486194149849534,1.0
-0.33183282818774995,1.0480630677816751,0.0
0.5661008947834696,-0.3065547876476513,1.0
-0.037876944624669034,1.0521294198241935,0.0
1.5776840530692942,-0.2356069670495387,1.0
1.8488314505720909,0.01394917447103513,1.0
0.21336365689115522,0.9888222593600628,0.0
0.6112629201945766,0.8046280326536236,0.0
0.975851065526932,-0.3851495999710271,1.0
2.020216300450142,0.17387465416496342,1.0
2.039268105100361,0.5428793225717046,1.0
0.11173648657825799,1.1497612620766735,0.0
0.27288208983731443,0.9844858334589521,0.0
0.19679912772993988,-0.1284888953299641,1.0
0.26324465159831345,-0.11898191333741358,1.0
1.5341239931652433,-0.20385427243103144,1.0
-0.9616881303131181,0.08703491173186265,0.0
1.210484536959393,-0.45638611333120993,1.0
0.7273332623743864,0.3902284631562283,0.0
-0.9634392942548402,0.45975931437873263,0.0
0.4780494191518698,0.8502330733318452,0.0
0.9670679173991008,0.2691989414005594,0.0
1.8234584449296378,-0.289658661843829,1.0
0.8966629348866775,0.5811514445021404,0.0
0.09504609545914393,0.2387842364552688,1.0
0.315786112229202,0.9675667901733291,0.0
-0.7474953006534512,0.5882121181792447,0.0
0.8878127453136156,0.42386169595089807,0.0
0.20761213521444818,0.008954038117650553,1.0
-0.7360065432763966,0.7333085314271229,0.0
-0.753117371811523,0.6535021471057862,0.0
-0.2246533678587314,1.0081125929038437,0.0
2.0271573009713078,0.0750254810877819,1.0
1.8248020275082986,-0.17249430013893957,1.0
-0.5344606350937378,0.6078457612504615,0.0
0.9680133614546034,0.48354152559614905,0.0
1.8706991707680258,0.2039749642420839,1.0
1.3074316241875228,-0.47463938849514625,1.0
-0.5486582438356243,0.9906919122313217,0.0
2.105102895992532,0.17227516779733515,1.0
-1.1667199062227076,0.09030085391423653,0.0
-0.6708695296975792,0.7480736410661508,0.0
1.8740290935851034,0.31802865585069273,1.0
0.3710024240269697,-0.20603324653106744,1.0
0.3055159465263685,-0.0591106825262593,1.0
0.11095076437386406,1.0111883185102093,0.0
-1.0059984768749488,0.3301524069012743,0.0
1.3554054292406854,-0.2692379809239042,1.0
1.9650032221200657,0.06889065224072011,1.0
0.9654340460720877,0.1280963611080144,0.0
1.4189943319347922,-0.6787099017986858,1.0
2.0022305838764054,0.19633095058063288,1.0
0.6766583847992937,0.7080910662540828,0.0
1.2570214415547882,-0.35723586564287707,1.0
0.10968944041822465,0.011150856308229679,1.0
1.0090577837099741,-0.47580659863663055,1.0
0.32727731805878035,0.7657274365233769,0.0
1.9093779248050433,0.016451222846908045,1.0
0.4545272193265283,0.9111761339249049,0.0
0.45193844231784025,0.8276425669023014,0.0
0.6333596643754014,0.7933383007834871,0.0
0.5537609514932946,-0.3576090770584815,1.0
0.33314680159308574,0.9890142039715041,0.0
0.3075364894355437,-0.10795167947388214,1.0
0.2090016832312677,0.05351546149662775,1.0
0.26813101940495915,0.8347404970158343,0.0
0.9454356367906517,0.760095747814274,0.0
0.19944836967396487,1.1240232517181235,0.0
1.3020118482572165,-0.34204610917337247,1.0
0.9427140298115022,0.19881307288446937,0.0
1.8808966671582725,0.11530517723425775,1.0
1.8514420039466832,0.03045303534373027,1.0
1.824856597858513,-0.1239535313956948,1.0
0.5458337230982944,-0.2508893538639243,1.0
-0.6300114041920768,0.7910254530274343,0.0
0.12315171181733997,-0.11269541631752096,1.0
-0.8446906523757337,0.5619907404478147,0.0
-0.882688992105608,0.36969287621327324,0.0
2.0615116668205564,0.2706941652135428,1.0
-0.07122451528126036,0.9215963505198282,0.0
0.8389419980197148,0.3966019801783627,0.0
1.9759033186061594,0.2052536612329677,1.0
0.7746673966868937,0.6526494791007458,0.0
0.1400881877150737,0.13526011018819312,1.0
0.284931105436022,0.851011274056951,0.0
0.009473629123316405,0.43525235764005493,1.0
0.3977594451047981,-0.19200158275266765,1.0
1.9927760099625496,0.035681178052353116,1.0
0.5803000233840405,0.9009007319541182,0.0
0.3576639633740517,-0.3615712259552352,1.0
-0.6120037385645094,0.9192906438605402,0.0
-0.2697459713512863,1.0280457003475503,0.0
-0.3878950959843858,1.092666640382683,0.0
-0.710230685389384,0.56093006354481,0.0
1.5746837338880795,-0.273898479220367,1.0
0.2240636287185895,0.01562331369224397,1.0
1.0127840336964924,0.08674712566861391,0.0
0.09194849712766118,0.03326756056456126,1.0
0.14534643126337135,1.023981135881968,0.0
0.3545112196485273,-0.09943562668957309,1.0
0.9749856467111166,0.028097801880738293,0.0
0.42642459079102935,0.8678190166865529,0.0
-1.2489144303575754,0.044166917941993414,0.0
0.8118132827311662,0.7303512176114684,0.0
1.9291880925022138,0.08895977954371734,1.0
-0.9362167745030732,0.004247512603073336,0.0
1.908004109004903,-0.17574109964630452,1.0
1.2091977047934916,-0.5330547300238702,1.0
-0.32995950579202427,0.8753292595264317,0.0
1.7647563098388135,-0.07962012827125223,1.0
2.0584695720884083,0.27542494850138394,1.0
0.7831547098090189,-0.489682660420541,1.0
1.5569531590447185,-0.1852413572284016,1.0
0.9409278692639905,0.11247510997498956,0.0
1.8266939083463039,0.035360685741363695,1.0
1.8460634469724826,0.374477490991683,1.0
-0.8409597621326715,0.17549425447323094,0.0
-0.9464244197306966,0.4070952557167524,0.0
-0.0785870580923661,0.03826467956680708,1.0
0.5969204814527453,-0.33170704982953597,1.0
1.1421186342665075,-0.5545932587642023,1.0
0.4020411889137952,1.0631129700535324,0.0
-1.0083332721681892,0.5243487752131555,0.0
1.1404514271590716,-0.2605938537795287,1.0
1.8146431003767984,0.25307377425628935,1.0
1.24196258304529,-0.4717991279706435,1.0
-0.13786104874120572,0.0862951948543017,1.0
-0.09355705793579903,0.9294912345694026,0.0
0.6074725040475691,0.6300119622426623,0.0
0.7692115783787117,0.6851355786250295,0.0
-0.19060055462218384,0.8963834746890224,0.0
-1.0553570882251315,0.08022354894867058,0.0
0.5387190920026405,0.8919679021616025,0.0
1.211487965902541,-0.59073078076358,1.0
2.221990711012472,0.35688647050377653,1.0
0.570638924356948,-0.3178739240434881,1.0
1.689023460654028,-0.019805825949014894,1.0
0.6637487362459291,-0.3073378697535538,1.0
0.21334490320544153,-0.21540498551960985,1.0
0.4294900799123759,0.7385347466057891,0.0
-0.9326093751927345,0.2144111957980343,0.0
2.0588558074212417,0.3400594457899039,1.0
-0.45182982841878144,0.8775079625386611,0.0
1.9749095293936043,0.43470275938357805,1.0
0.40981808343292425,0.005229177379788855,1.0
0.9915417131356871,0.4901269773159431,0.0
0.9165791577204254,0.07643978655520593,0.0
1.6084804948190543,-0.38744532852779073,1.0
1.0469645700024512,0.255241670371135,0.0
0.26819614005960224,-0.14285130970804996,1.0
0.861891106811923,-0.44066587329679296,1.0
-0.07390337614627122,0.49387789594098064,1.0
0.014265934301771935,1.1537933191645866,0.0
-0.3468329310155933,0.8557706761138021,0.0
0.6919407620181331,0.7153727216958267,0.0
1.18083693607357,-0.6252212628305344,1.0
0.21588433975591867,-0.2994897993479947,1.0
0.5371549170211171,-0.26045359740423507,1.0
2.0918131284950747,0.48887736115216107,1.0
2.046509680441183,0.028518245468582296,1.0
-0.7207774355654246,0.5526854232987881,0.0
0.0042216962987011745,0.43582936006484874,1.0
-0.5979447075867479,0.8422010197690495,0.0
0.724337191547668,0.6311330145414019,0.0
1.092227621290965,-0.5093876065450093,1.0
0.08918545840026901,1.0725425621367797,0.0
0.7217818986708155,-0.7074345679728314,1.0
0.678405787132447,-0.5544221441077221,1.0
0.8549142814624523,0.6312323099499992,0.0
2.145734008294129,0.2729322974891017,1.0
1.1239478103392055,-0.6326558296524367,1.0
1.8841705074385262,0.15371125290586884,1.0
1.8383854909590067,-0.023412616560404484,1.0
0.19130408745459532,0.9129109625745716,0.0
0.21613573787289644,0.9134680164615561,0.0
0.6616905326931914,0.5597492916529399,0.0
1.1984064195201656,-0.28359863828922105,1.0
0.9610203538858856,0.5848620441210145,0.0
-1.1467707466491859,0.19133694111272595,0.0
0.9245577364716038,0.27284370993638085,0.0
0.8566453416440227,0.24875224416353003,0.0
-0.8421571537983256,0.08853601124802013,0.0
0.006773226904869308,0.9853050122891593,0.0
1.254507762647986,-0.715609250186675,1.0
-0.08739984583571536,0.019660364657475407,1.0
2.0116928288178544,0.30276633926637686,1.0
0.8378546145189983,0.1998292909283926,0.0
1.1100450528780257,-0.6063113432880503,1.0
-0.9167712625895813,0.10915421617842395,0.0
-0.6373115844783586,0.7458398052219883,0.0
2.034722295106131,0.40318692725407845,1.0
0.7891335831040771,0.5928954201300494,0.0
-0.6867948590559567,0.6597808797952782,0.0
0.10936908559365788,0.9356233192485564,0.0
0.4133271300243323,0.8572846814341833,0.0
0.9317460005171735,-0.3413449508242197,1.0
-0.8883395389510867,0.5572103332238891,0.0
1.392107972116992,-0.24199535845880182,1.0
0.14779271828192392,-0.052946716195467036,1.0
0.9126164339538498,-0.15344830175152047,0.0
-0.19738814868489038,1.0261089612957717,0.0
1.0850110032288431,0.3066451154168299,0.0
0.9608292168377677,-0.3902996473276035,1.0
1.6933836952231898,-0.3349829404906509,1.0
1.947229400325915,0.2465736822021254,1.0
0.27930401020568185,-0.01906096263496382,1.0
-0.7830905029650571,0.4916050042427333,0.0
1.6399922726726812,-0.17290518751942685,1.0
0.3522086131424266,-0.1616058117196848,1.0
-0.8997285954001972,0.03992693446434145,0.0
-0.9529599722505122,0.19622390148929447,0.0
-0.7767946975594717,0.5668594898011293,0.0
0.9309681232756672,-0.41197947337024104,1.0
1.7379167374174245,-0.22497196004911832,1.0
-0.11864465358511397,0.24920170662202976,1.0
-0.8041019890173902,0.4399122211141344,0.0
-0.013776524740348711,0.1803577356090416,1.0
0.9607469478804567,0.11687014430153303,0.0
-0.5522521908850212,0.8836375495703283,0.0
-0.49961350855729386,1.0026383740872613,0.0
0.6853331339092132,0.7149801673531578,0.0
0.38355106551812823,1.033246706422283,0.0
2.0563408263489245,0.08743440859022854,1.0
-0.5730039750635967,0.8753814906172153,0.0
1.885665802916185,-0.04361798522410881,1.0
0.03578596200957008,0.0644608338044239,1.0
0.9901201643018036,0.11882669097781275,0.0
-0.012747195417170676,0.16371384896574664,1.0
-0.013689828241839008,1.027164779878995,0.0
0.7139995710155249,0.8553887237469475,0.0
-0.5492199291757058,0.8684699152606783,0.0
0.11057889716444903,1.1475961513749717,0.0
0.36008289150097245,1.095329573902106,0.0
1.927585895408249,-0.16626540040066967,1.0
0.3996036648885353,-0.19710388497353099,1.0
-0.8200137751396026,0.46470803672519656,0.0
0.8492949339535693,0.6286038193749846,0.0
2.173690526729745,0.3788180132792077,1.0
0.2012684019551449,0.9590139237900919,0.0
0.3695157835589742,-0.5530609340167412,1.0
1.5672896435924755,-0.2646615989512124,1.0
-0.060547473135059406,1.0382849622161252,0.0
1.3231859247884743,-0.39880260934429346,1.0
0.5051925551895569,-0.2981003428058121,1.0
1.028446641909468,0.11717793582317457,0.0
0.1480238898465081,0.09739562376767386,1.0
0.6256108066616604,0.8991274079691185,0.0
-0.34423465296850064,0.8938689337965551,0.0
-0.5438875274112467,0.9468789245810525,0.0
-0.7980947484137443,0.5906788489342073,0.0
0.062140596463637746,0.29703158613706093,1.0
-0.9420572681380498,0.5545809733658891,0.0
1.606760457423109,-0.2392558925713867,1.0
0.7631881726020397,-0.5381610393860813,1.0
2.0355966940950934,0.43842760145852305,1.0
0.14559719719522912,0.2740087107957185,1.0
0.22139253490966182,-0.07431830337352169,1.0
0.16770980907938784,-0.21103016882055373,1.0
-0.5493926530846684,0.8791969533272479,0.0
0.7772882698275954,0.3253479026639392,0.0
0.6060209202787379,0.832495219939657,0.0
-0.7191513528814537,0.7244462375255777,0.0
0.5361738848529785,-0.1352461622458794,1.0
1.7681638729480487,-0.1948607854695344,1.0
2.1511208387427856,0.30108545055180735,1.0
-0.5136870376761449,0.49544705287824986,0.0
1.0230028402203875,0.39736841126442435,0.0
1.1947239422753102,-0.4725439728908708,1.0
-0.5935250696626563,0.7857516071903651,0.0
0.3661408900906622,-0.09914906494026096,1.0
0.7322265122995578,0.7482417618328895,0.0
2.0110870287347686,0.24446699242504497,1.0
1.182752493975722,-0.33550750122446976,1.0
0.2049858531707603,0.04684707372340732,1.0
-0.8225227745039358,0.3295541545242994,0.0
0.3121802583507207,-0.4028378503460388,1.0
0.5384941973982589,-0.17584020132447697,1.0
-0.6440349736040489,0.7938662850262098,0.0
-0.41733225671640506,0.6354144901086948,0.0
2.0125936365990267,0.02797820936623377,1.0
0.3526045385455277,-0.12338600389903687,1.0
-0.3928261858137999,1.0218532908355165,0.0
0.9843445878083248,0.10433646958918225,0.0
0.1415318557229676,0.24509415839347526,1.0
-0.9393131008411809,0.3825806398228431,0.0
1.8468351996176078,-0.10224149537837693,1.0
-0.8959636095965153,0.19458731104186766,0.0
-0.9249159974412633,0.18836197242121835,0.0
0.8213428544688667,0.46786126102008196,0.0
0.484581092279411,0.7541190722958955,0.0
0.9014886919795936,-0.5279135855785121,1.0
0.6940020634297901,0.5255381391919237,0.0
-0.041880610265256225,0.43063980137669416,1.0
1.7866320644831133,-0.2068231637307773,1.0
1.0273038225158015,0.35934960064515226,0.0
-0.6528048327130038,0.6594926005844551,0.0
1.3606234304692855,-0.24852162555112808,1.0
1.0932489771081488,-0.3552485447510315,1.0
-0.918875578867299,0.18622505965634908,0.0
0.868474269971932,0.4119254101911334,0.0
0.767972438806322,-0.5390412151887862,1.0
-0.12846149467893844,0.20259140630900152,1.0
-0.8227981249870455,0.4441828852759492,0.0
0.8210535209902793,0.2386978795783904,0.0
1.7155876071073284,0.1448959796399143,1.0
1.669952668298966,0.29963335738601493,1.0
1.800990578806422,-0.22699347184397256,1.0
0.837188160633079,0.563943079839087,0.0
0.2765820777529494,-0.11284821939903131,1.0
1.1556570204037688,-0.45834479251953153,1.0
2.081927442422265,0.19430377604880406,1.0
0.5647128958576205,-0.27940899657682994,1.0
0.7199923038373593,-0.49898607712599846,1.0
-0.8139577008286802,0.35588389444570456,0.0
0.3126179469621063,-0.06319790900800122,1.0
1.9999809129703177,0.001554581273538861,1.0
0.07547526580411269,0.4825579757456683,1.0
0.556848546530232,0.7272687284543319,0.0
1.6717234866471233,-0.17144356628280877,1.0
0.7879200954778595,-0.4071672147646477,1.0
-0.9634994056354637,0.08266445720783337,0.0
1.44066265363272,-0.27491302092719705,1.0
1.1225524266879288,-0.5656871018655688,1.0
-0.06144627892231487,1.086124444601463,0.0
-0.7729005950023036,0.7703248818144697,0.0
0.27926350325496896,-0.20319052447131242,1.0
0.8601910599321456,0.42846867452444815,0.0
2.035033309247061,0.5137941084346854,1.0
-0.6426790006541117,0.5975253138291727,0.0
1.3287899807412014,-0.4332764886745309,1.0
0.8549679483396385,0.41131898461606997,0.0
1.465555191757397,-0.40556667539421665,1.0
0.12415840273507578,0.9732134484231874,0.0
1.490274032870967,-0.3350623486271961,1.0
-0.9573443428392113,0.44107016673494526,0.0
-0.02137664307574822,0.31606264926785166,1.0
-0.7928770959598958,0.22970725752831514,0.0
-0.2656245054750227,0.875936471423238,0.0
0.17518138748193204,0.5405462920605117,1.0
0.041196394057635956,0.15724505947362044,1.0
0.2359284456056375,-0.13937752721470717,1.0
-0.9080863439699488,0.5875258740233325,0.0
0.6881721395367253,0.38455232775774995,0.0
-1.0255290769587224,0.4028473745077019,0.0
1.0211302928397208,-0.12722762440255533,0.0
0.707024951843994,0.5027835887451158,0.0
1.4314713126162566,-0.5101738187110383,1.0
1.9483006428021747,0.3206755666342743,1.0
-0.5311057728354132,0.7873873922099789,0.0
0.5098989124428084,-0.630070861108034,1.0
0.7720284188736789,-0.36726979349519073,1.0
-0.796442659288428,0.4187507770807047,0.0
0.06388352612715524,1.0122270543626484,0.0
0.13949016720970417,0.9767503120180844,0.0
0.4799354305875972,0.934445343765917,0.0
1.1043554269427969,-0.4593907597791936,1.0
1.8444297461465933,0.23552281044046297,1.0
-1.0183618924103672,0.36606330900092526,0.0
0.16252158240201903,0.22688837775651963,1.0
-0.3238601808150665,0.8543583836311333,0.0
-1.1883087855553665,0.3557244968472883,0.0
0.66739932708711,-0.5048112090203145,1.0
0.47102657404134707,-0.2899007415813738,1.0
1.6157956441515344,-0.38360937653214544,1.0
0.9045322819365332,0.34959779639414346,0.0
0.7006924505787028,-0.3768514515197117,1.0
1.1952464825805695,-0.6406285071955201,1.0
1.2618229398172076,-0.5140357129112941,1.0
-0.16879133107740582,1.0927726761671361,0.0
0.9235521792701454,-0.05178391888892639,0.0
-1.0505419590483795,0.010824083708483123,0.0
0.8938707231273197,-0.03937532582111464,0.0
0.12233272357042242,0.9683281126294535,0.0
0.6473411438379952,-0.3798029654765097,1.0
-0.9510010186938302,0.07654794529707337,0.0
-0.7397058292957708,0.6672429612463254,0.0
0.7018596085249749,0.5931323669654087,0.0
1.139564509308946,0.4523133945470459,0.0
0.5375616157764289,0.8657797908349895,0.0
-0.9971907664520719,0.5046551315935929,0.0
0.6976969655569562,-0.510400252171614,1.0
-0.29977738752418037,0.9154432242917626,0.0
0.8489863909628012,-0.2989813299839786,1.0
0.040730797473127134,1.040255494727187,0.0
0.5245349299441288,-0.4313345766191071,1.0
0.021659429243412798,0.2777134073330463,1.0
-0.4144642960536899,0.9302053736176618,0.0
-0.20244325050731204,1.194907689322394,0.0
-1.0612339196179716,0.024555761168390366,0.0
1.6437526356555467,-0.28320453233881315,1.0
1.1588099581284395,-0.47526663961455373,1.0
1.1510526332831919,-0.603812135579145,1.0
0.9730956809670755,0.5404720343629896,0.0
1.1007298394901341,-0.37022094980222,1.0
0.36615874540942006,-0.21595512479069537,1.0
-0.14930543870229193,0.9546807667889988,0.0
0.7494711707185632,-0.37892768424571727,1.0
0.4613112342076825,0.6503325909625473,0.0
0.5614617573651662,-0.19793533767906932,1.0
1.7382364927720841,-0.11422859760400692,1.0
0.8506473571484179,-0.6011640990355311,1.0
0.6314373553158877,0.5387082541539057,0.0
0.9834861388058065,0.06577659759615903,0.0
1.5951276342932588,-0.22599216541274467,1.0
-0.026619821044947103,0.41318876946933425,1.0
0.4948290435257844,0.726887266193246,0.0
1.692720507542457,0.1363150711726022,1.0
0.5965606683488405,0.6689057686807742,0.0
0.009004993905578657,-0.1886604311881864,1.0
0.9746183643336703,0.34415407618947447,0.0
0.25747364834772873,0.9767117953928554,0.0
-0.11855784719932694,1.2076385632104933,0.0
1.9986757382104419,0.21002516449983177,1.0
1.419107400186899,-0.46594076240781046,1.0
0.3491620608848539,-0.2764631394909703,1.0
-0.982829715658078,0.5216341125778478,0.0
-1.0672427811702467,0.03463920538052903,0.0
0.9365935046687804,0.1081342997686481,0.0
0.15763144908408053,-0.21752152121922022,1.0
-0.8213389822758477,0.5639831505931752,0.0
-0.8487064272122633,0.5325626893206075,0.0
-0.9389220402071907,0.2770325474548607,0.0
1.392397135598237,-0.25577632247063353,1.0
-0.6586871005979966,0.7251233500299864,0.0
1.9934525433099517,0.42184203397077924,1.0
0.005062368427403131,0.8691150186613015,0.0
1.7528612765857294,-0.13222236271974147,1.0
0.4552826962228223,-0.15881902138814036,1.0
1.1508545327109756,-0.3801614411164813,1.0
0.5467589340926104,0.8033284854606741,0.0
0.5875435523696514,0.6742843034234853,0.0
0.4736202877087851,-0.42938299592440654,1.0
1.1079453481488677,0.22246138074466631,0.0
1.2507974570448093,-0.5028723663583508,1.0
-0.8210806082812923,0.815631721900044,0.0
1.089221773720376,0.30656138005875505,0.0
-0.10893604582997944,1.0931512649092296,0.0
0.6345844237452045,0.648577897680716,0.0
0.20333675690752595,0.2266599658617393,1.0
-0.89027238508381,0.47008385049448337,0.0
0.8687595486373,0.5059656041624305,0.0
-0.752009764752108,1.0180582224243038,0.0
-0.9679284001197569,0.5922295303707676,0.0
1.6350947932767161,-0.14217874499968514,1.0
-0.2213661024148791,1.044501278846976,0.0
0.8374640340471512,0.7460345835824189,0.0
0.76843934395979,-0.607391470930151,1.0
-0.43391081890834016,0.9134798627722481,0.0
0.7860395269037947,0.8293953960570004,0.0
0.4061251936388136,-0.2920621621172345,1.0
-0.47549555059844073,1.132860729964718,0.0
-0.9117380891600909,0.2821248318901397,0.0
1.693903297445901,-0.09840170211776081,1.0
-1.185655817831113,0.03386848376100368,0.0
0.07836011207440823,0.0912524864239753,1.0
-0.22877645788019857,1.11972774901493,0.0
0.094114207143152,0.940755061695997,0.0
0.019811694059503934,1.0298040756908617,0.0
1.7894152299060377,-0.27170175401408503,1.0
1.4349446073729841,-0.5325848065370931,1.0
1.401201677145897,-0.39914713033995697,1.0
1.4898131009927944,-0.2745395743497646,1.0
0.049803012176116636,0.8405663738808067,0.0
1.7610870197925677,-0.23264500335128974,1.0
0.11363950709123591,0.07259043838709019,1.0
-0.6853214252229477,0.661296437970901,0.0
0.7742526728842835,-0.5303141760146065,1.0
1.1248435116113835,-0.6851428403984592,1.0
-0.22179463896438606,0.8581765865721724,0.0
0.1684330964514905,0.2567642895760797,1.0
-0.8399450077918279,0.6240365922836358,0.0
-0.0024826724965004154,0.23573588826280928,1.0
2.0048321633035897,0.20745461763924627,1.0
2.045851362926463,0.2861035282298975,1.0
1.075204235940615,-0.6094512093562507,1.0
0.7796628084262347,0.6402151418487163,0.0
0.6906468510682253,0.8291408225655322,0.0
0.5787956834342104,0.9847541771951634,0.0
0.10782456898439181,1.0052052661964987,0.0
0.5861274714143572,1.0028908746389527,0.0
1.8933098910099215,0.11564144113194831,1.0
-0.929210558353301,0.18050652397380926,0.0
-0.7550396751391822,0.5860121996853229,0.0
1.6142049421548954,-0.25982154105957195,1.0
0.1622858798115101,-0.1624540806000061,1.0
1.1271724424818248,-0.2281395633756269,1.0
0.35566660496693825,-0.20887129379729294,1.0
1.036698350064438,0.296567183892718,0.0
0.3534032252422309,-0.37065058260967637,1.0
-0.11883474255189308,0.8490199397700408,0.0
-0.8276641241040396,0.6207395849042191,0.0
1.0844976619542126,-0.2934141305345491,1.0
0.7648747603664654,0.48721400797312725,0.0
1.6447251834153012,-0.33771242098811194,1.0
-0.544297914369713,0.9077108345994259,0.0
-0.37906846161798824,0.9470458076790603,0.0
0.5913854273657602,-0.39783241037535455,1.0
0.03216688503750425,0.2676661459745546,1.0
0.023843757144397612,0.018147384749139517,1.0
0.844156328150268,0.6664273511539289,0.0
-0.38674084533881226,0.9584334779654078,0.0
-0.3372100956196201,1.0171304391476836,0.0
-0.5852554800804413,0.8683174462796479,0.0
0.7219721676909844,-0.5510537814225166,1.0
1.0979604226444741,-0.5412314092052501,1.0
0.029155962731597367,0.8733016867718691,0.0
1.6807795876494342,-0.226457925711672,1.0
-0.5325167872977243,0.7287515372768675,0.0
0.1126866582358744,0.3615084067071732,1.0
-0.7449184948099291,0.7390317583740711,0.0
-0.32563711132934353,0.97659070366497,0.0
0.3661878056710426,-0.4577629152205209,1.0
-0.6379489726188384,0.8071093009138064,0.0
-1.0036250119058865,0.44213299136414064,0.0
1.2564363343008529,-0.3305090591211679,1.0
0.5129416366036306,1.0366504980532958,0.0
0.6508673646482889,-0.5191688559748382,1.0
0.3994762971936314,-0.3491349358812719,1.0
1.3497421760716544,-0.25534369693077935,1.0
1.635478330283993,-0.196663132673544,1.0
1.4711617667973655,-0.34460134767633405,1.0
-0.15982513681655655,1.0261350279775405,0.0
0.3710069187974968,0.8743086317723154,0.0
-0.6659367514482067,0.6454378931423043,0.0
-0.23641770302648651,0.8539136052431568,0.0
0.25078629682289144,0.5261790064174878,1.0
0.5881410955175106,-0.43097987379239805,1.0
0.4807365868946047,0.8935204546487316,0.0
0.10559734531321976,-0.2265873825201922,1.0
0.502241848324606,0.7000391926755806,0.0
-0.008969813490211698,0.09282899513108202,1.0
-0.13698299292664007,0.9725903798493578,0.0
0.9407687461586216,0.35553051551911974,0.0
0.844985332884685,0.6185460374574965,0.0
1.6469748398444612,-0.2121721660323031,1.0
-1.010654406068786,0.200011543889556,0.0
-0.7386547600553965,0.6252512578966689,0.0
0.32122343127843467,0.85474550984619,0.0
1.3868615692217812,-0.3893029725201536,1.0
0.06267612007631931,-0.39323872131559096,1.0
0.3771482185625329,-0.33556198012968225,1.0
0.7895654200792803,0.8297478094121614,0.0
0.8344039748883323,0.4420679579072451,0.0
-0.569934739264568,0.7431272594452809,0.0
-0.024207494163315076,0.4118100078989594,1.0
1.7615872260984817,-0.18898192244907866,1.0
0.976115095158119,-0.4991583334085036,1.0
0.045439559442213256,-0.066021714837255,1.0
0.16606582266639025,-0.17480857256192595,1.0
1.4997016463947448,-0.3163335982762209,1.0
-1.0446306786970898,-0.06454586252480374,0.0
0.9719864157516095,0.4550958140942949,0.0
0.3420562432558681,-0.5279627661904855,1.0
1.0448759571683826,-0.6347007145192249,1.0
0.9943431044065955,-0.5033609205028332,1.0
-0.726469367753545,0.545046629541085,0.0
-1.0479191567569084,0.01806497603396595,0.0
-0.3192664932845361,0.909974022566629,0.0
1.339221914847789,-0.58608393366526,1.0
0.91313544184933,-0.6075933192766142,1.0
-0.8975374648533343,0.4791832800753673,0.0
1.3427019842826062,-0.46663317149721634,1.0
1.5647596038318774,-0.2720814934516085,1.0
-0.024134862908909385,0.2666460386069264,1.0
0.9166007995888772,0.5156219064524937,0.0
1.331892047868129,-0.5880469850005213,1.0
0.8882702639551618,0.37917838125186365,0.0
-0.6749124468211359,0.7765108816968549,0.0
-0.030891342589674554,0.5051554989709334,1.0
0.005929076096321248,0.2138739438471921,1.0
0.05912335358648085,0.0724744233234123,1.0
-0.7871354515400599,0.6807355988052948,0.0
0.007426793595960865,1.1079516359876767,0.0
-0.8779830912817086,0.13360102201647323,0.0
1.9825437345574872,0.38356490909449864,1.0
-0.12062586774758993,0.9349868891185971,0.0
0.7893163951672567,0.49896297535519707,0.0
-0.8689684428475632,0.4224818139698925,0.0
-1.1894612142329566,-0.008667034254119972,0.0
0.916837031648876,0.3458918166346026,0.0
0.6424096180118603,-0.8121762674091155,1.0
1.6140096988870636,-0.22166577952179334,1.0
1.0159179020250617,-0.6045099439283302,1.0
0.666011119147383,-0.448576088397969,1.0
0.9176921257120311,-0.5216130229186429,1.0
1.2578024219348498,-0.619442411743701,1.0
1.6334114817581733,-0.27084389856662483,1.0
0.8482501777953232,0.6320944151884573,0.0
-0.7312916805709065,0.526906717463211,0.0
0.8945945729698039,0.4765089394742773,0.0
0.05356159708649952,0.05425364629553519,1.0
0.5895648895086167,-0.34684779649546404,1.0
0.039963974640465305,0.026356710162526734,1.0
0.3450104018599225,-0.05657155746498288,1.0
0.21654480162036155,-0.45162584851621357,1.0
0.7873346582283429,0.3722362667016086,0.0
1.9907699140960153,0.22061426931483313,1.0
0.547287361535451,-0.02195093968378281,1.0
0.028903061823525127,0.8628988316330946,0.0
0.5514061569273586,-0.4842140931513702,1.0
0.8425145378540589,-0.4958930404224468,1.0
-0.7068150780006474,0.6062765478862534,0.0
0.2113582557381471,0.9875360916893472,0.0
-0.7148038087773044,0.39003228994417366,0.0
-0.28948321538081595,0.8124009939525978,0.0
0.7097847693680341,0.7104088110596729,0.0
0.37923020374298216,0.9636798042463623,0.0
-0.12582197626690222,0.9363381074484335,0.0
0.709056992025078,0.89417662976342,0.0
0.7800270269710671,-0.3234605950379072,1.0
0.7601796630379196,-0.46566582020938935,1.0
-0.5906632574079275,0.8272828410366085,0.0
1.7639006100225956,-0.061255479398586915,1.0
1.8990747778520443,-0.38738892954554555,1.0
1.0261572579450637,0.40084517644209,0.0
0.9739993424695792,0.0011013692533987512,0.0
1.8547267622798758,0.006508331800672686,1.0
0.8557765180927734,0.5471332976248174,0.0
0.07271516247167731,0.9468420699877468,0.0
-0.009526527131041122,0.21240258139606444,1.0
1.594088798918179,-0.288759616251392,1.0
1.8621151026007436,-0.11449506534623072,1.0
0.04438596796730607,1.0495382782621576,0.0
-0.08320144718560768,0.4556802681715302,1.0
1.8748739210548078,-0.07053851851058184,1.0
0.5644715406712875,-0.42001771768308477,1.0
0.3418861383841245,1.013168817603229,0.0
0.6900933638200273,-0.306195421162217,1.0
-0.738156478326503,0.3172688072680369,0.0
-0.0949201192696188,0.03648264846713167,1.0
-0.7525395164358472,0.8227613447037366,0.0
0.5356794397079642,0.9338563271900302,0.0
1.7374530262244148,-0.04125259524300709,1.0
1.125750653451091,0.25364242971802003,0.0
0.2528931026654894,-0.16492772323190535,1.0
1.4021329002467164,-0.31432443895571405,1.0
2.0424300362304644,0.25839765828413674,1.0
0.578048751771114,-0.5692132715597434,1.0
0.28491386813745295,0.817413960456693,0.0
1.0275596822515953,0.10932500726298941,0.0
-0.1315361511974045,1.0937059069247947,0.0
1.8290902757769845,0.08792146527460329,1.0
-0.32390100595282956,0.9096438062993997,0.0
-0.9251008641721029,0.05798349169147883,0.0
1.0678571608346845,0.5642830969828014,0.0
-0.7328818226626784,0.7082569388459321,0.0
-0.8661888926382298,0.29659400748809506,0.0
0.3326808634290557,-0.3974388911969535,1.0
-0.19351678337920603,1.127873096354142,0.0
2.006662878870182,0.007336420136935473,1.0
-0.9783705133052508,0.18763239884706553,0.0
1.2074535539058733,0.059427986409592334,0.0
1.4109755110628461,-0.37283740421989764,1.0
0.34964247578166496,0.8958486256696282,0.0
0.2494880790610672,-0.35510663704945156,1.0
1.7354550523164098,0.01398494737130145,1.0
0.10960864325634997,0.9268874700520141,0.0
2.0620593369969296,0.3080899658509653,1.0
0.7797312747262297,-0.42904510327201306,1.0
-0.05432693082844353,-0.06425957779568059,1.0
0.7744422442237001,0.36335928098643666,0.0
1.8527984619131024,0.17192510265157676,1.0
1.8571760071227237,-0.1862631443427275,1.0
-0.6790880505249997,0.5871204068191407,0.0
1.6041572228172956,-0.2797225032562795,1.0
-1.0021667145968767,0.4575534725294793,0.0
0.9096765596207532,-0.48079038354401915,1.0
1.662830114991858,-0.19017036931541667,1.0
1.8557592527666844,-0.06825185671776107,1.0
-0.4502490351359145,0.8244885871150454,0.0
-0.6209189046349374,0.6514712557406158,0.0
-0.8878789935910076,0.579193948822299,0.0
-0.5664568460565697,0.7178469703531485,0.0
-0.032663190581134094,0.9547530976609688,0.0
0.6303130711846929,0.544383089084165,0.0
2.0097325212737633,-0.1329859116702724,1.0
0.8878253020780839,0.2924653113635396,0.0
0.7350026576380616,0.6942331283088794,0.0
1.6389940801756273,-0.2110919879332708,1.0
-0.09110414077886517,1.011159604460453,0.0
0.037614029233491164,0.28841263135475237,1.0
0.5467990745678472,-0.5632500415469922,1.0
1.6907414023186742,-0.11430768866897997,1.0
0.5490334539164783,0.7972361733086656,0.0
0.4997888406476366,-0.5044177770760266,1.0
0.02035924200191569,0.8049168088719293,0.0
0.04446586052131907,0.3926369624391209,1.0
-0.4950241554489712,0.9849937786078561,0.0
1.5324439847201254,-0.31661594025871126,1.0
1.4299371289727998,-0.2543918327877054,1.0
1.109814870944395,-0.5648602791164219,1.0
-0.9838322593557047,0.5819863676007809,0.0
0.9170046662350153,0.2667246075629008,0.0
-0.315940991638489,0.8431728773822934,0.0
0.440599485706985,0.9547399194969439,0.0
1.0057851544152068,-0.5272317397472904,1.0
1.2190508862063982,-0.5933706606748698,1.0
-0.925832533264105,-0.06206179885582111,0.0
1.397066055699044,-0.5139232637342961,1.0
1.4591685596457062,-0.4961008957017454,1.0
-0.4191275018361231,0.9890321951422756,0.0
0.3697623628013272,0.8244266599223176,0.0
0.6013042744222076,0.8062302730632834,0.0
-0.011233284446585529,-0.11831105536273484,1.0
0.6532812451358392,-0.49982829334291223,1.0
1.1829776470184337,-0.4117142783513956,1.0
0.8722002709087407,0.2276571933888464,0.0
-0.6374092046993083,0.8757994792255842,0.0
-0.01549808036052984,0.47151145821035967,1.0
0.6185874931162638,-0.3892159104301839,1.0
1.9235861349999839,0.43244107813134863,1.0
1.4530254514258787,-0.3986900486028907,1.0
0.8809834854861899,0.2738559314337954,0.0
0.6276105336474599,-0.533954362862143,1.0
-0.22127260582679123,1.0931890948423397,0.0
-0.23803185417660896,1.048106369655259,0.0
-0.0573436309536543,-0.005330085405233439,1.0
-1.0746671579183091,0.19681209891267026,0.0
0.4891141688438761,0.7899942833514535,0.0
0.6200351415238616,-0.33949739603753465,1.0
0.7790808285706665,0.6806999611167648,0.0
-0.0789349482052574,1.0447042407416527,0.0
0.7303331501038279,0.9807171121124858,0.0
1.3279975817401257,-0.4005159350445576,1.0
0.17152565656433766,0.31197084252693974,1.0
0.0558917679177181,0.21241607795900497,1.0
0.11397789002929447,0.9770038881236873,0.0
2.1021835334312042,0.4056921438866415,1.0
0.14462746549762986,-0.16521336897814992,1.0
0.19637950317931407,0.26999814464566546,1.0
-0.1908302726593135,0.9341578952338161,0.0
1.30905268062475,-0.3395521045737774,1.0
0.0856759420474335,0.19237052167928248,1.0
1.9234604529732018,0.2730416518695979,1.0
1.8222618412984715,-0.2257176145231677,1.0
0.3553036834416337,-0.394731958550065,1.0
1.949385539762791,0.5996274915554558,1.0
-0.209193843269927,0.3906415488637548,1.0
0.7221600547087078,-0.4330009257769224,1.0
-0.6199628046272837,0.8093856348214331,0.0
0.2884377453209269,-0.24757277007552578,1.0
0.8205144419407736,-0.5189772429223285,1.0
1.6261928630752664,-0.31198667853890166,1.0
0.7761276686287697,0.2636564471005723,0.0
0.9270066921404545,0.04169955949125198,0.0
0.00695659950825242,0.13650925477130588,1.0
0.9042535488431896,0.2861335989686387,0.0
1.3568387576335252,-0.39658270517188277,1.0
1.6813535876890064,-0.33875096053559256,1.0
1.0681269360391343,-0.6250378912652228,1.0
-0.7871446458966798,0.6541329560820395,0.0
-1.000206756645725,0.31483089444143975,0.0
0.9501126161456328,0.12192492873945107,0.0
-0.5836987343649802,0.6162497078546049,0.0
1.694643717545442,0.06804512870588528,1.0
0.5324639090391483,-0.2719603275200431,1.0
0.7674142092737352,0.807172569685526,0.0
-0.6010437486754893,0.5417830817791409,0.0
0.32242572484028353,0.935790634616929,0.0
0.9262327071900721,0.8366084196743376,0.0
0.6600090838379015,-0.41176517250533656,1.0
-0.36675904560826234,0.8428731559316118,0.0
1.3936060599050544,-0.40945395599466117,1.0
0.9978947468245369,-0.6295214668130589,1.0
0.13595041927081256,0.41823420316267323,1.0
0.3424293266254053,0.8093249401329244,0.0
1.765026936614314,-0.16270198722963475,1.0
-0.8304811850118301,0.6799145281938479,0.0
0.7156053097161332,-0.3966372191822724,1.0
-1.0698011947038104,0.14931137648127812,0.0
0.9370824932160852,-0.7043218775197854,1.0
1.4710063743232324,-0.386772922084984,1.0
0.45067888109015,0.9932505835917264,0.0
1.1680815068011647,0.11350830661086361,0.0
0.8223349843313787,0.33296352725314565,0.0
0.5721845638252208,0.7076650022576879,0.0
0.7720781516355869,0.6930300526237778,0.0
0.6525469818582275,0.6350143351668076,0.0
1.838746579352668,0.051731387375028415,1.0
0.032246563660011995,-0.057738068732590464,1.0
1.8523458153115577,0.008446470724929402,1.0
1.7873976815819568,0.007114868503770445,1.0
0.7222816572080772,-0.3812661485156043,1.0
0.16127181019905884,0.8686011366617762,0.0
0.2930553215339533,0.8862194522104925,0.0
0.38687421804177247,1.0001586534082636,0.0
-0.06397985881058847,0.32545991656324014,1.0
1.6849260812352465,-0.004967709528857773,1.0
1.8512064523053426,0.015362228835570785,1.0
0.4054439303250523,-0.1918048383618296,1.0
-0.018067927331904234,0.3350575804111398,1.0
0.5082739288583519,-0.30426574877909984,1.0
0.806877318671046,0.5652905289895808,0.0
1.0650105068794549,0.15168783558035104,0.0
1.7677924925563042,-0.08654660564925756,1.0
0.772394921975733,0.2537724180026432,0.0
-0.05452649346813692,0.6189290541183197,1.0
0.4245668095372939,0.8017266110445461,0.0
0.6563525029390818,0.5833608683438353,0.0
-0.8820928744235335,0.4002892857071152,0.0
1.740981839616619,0.0016730311102710893,1.0
0.8298669485896619,0.6846026691219842,0.0
0.41208087495922885,0.6243037155545221,0.0
0.21853141436613555,-0.02541163599253754,1.0
-1.0518899906816486,0.32334858242516923,0.0
1.1340333512518985,-0.7407999281250317,1.0
1.6326105853533142,-0.2070974284366127,1.0
-0.6230896007269353,0.9772895065095022,0.0
1.8966389772279695,0.49986032886798304,1.0
-1.011825895962274,0.13084979291763202,0.0
0.0839607596386454,0.02898760181349179,1.0
1.231662842647361,-0.5309558768126571,1.0
1.3756979209692213,-0.5051881422280827,1.0
0.5245198306907916,0.7393736658031849,0.0
0.8124521636592633,-0.3289610716644865,1.0
1.8038853840422269,-0.23224752855341413,1.0
1.4927023142559797,-0.36056041138246764,1.0
1.8327999824808088,0.5285380932096819,1.0
0.6837254166762464,0.7751731271548735,0.0
0.5609625021579312,-0.4095151053362717,1.0
-0.31999481777581823,0.893406859070587,0.0
0.09006707871190345,0.4489483402129471,1.0
-0.6068344825935641,0.839504283178527,0.0
0.042818193301225674,0.9748478121333842,0.0
-0.6873180476084949,0.5225821479250445,0.0
0.40639617616831497,0.9246604106789504,0.0
1.9668732556450614,0.50433730954694,1.0
-0.8952235904899726,0.34831974557662243,0.0
1.0018959761616062,-0.6145291033652656,1.0
0.9835904837987581,0.49107777303604105,0.0
1.9835173374412192,0.1536322931430676,1.0
1.9414133252484012,0.2742526860980989,1.0
-0.43073980102847825,0.9612971719544615,0.0
1.9769353935734792,0.23030056929180445,1.0
0.8898217146190078,0.4702590425439652,0.0
0.7343804872493322,0.5833295680886247,0.0
0.18214694556815422,1.074052820610467,0.0
0.630059077847025,0.7276363889394349,0.0
0.7349159414190122,0.49219668288248636,0.0
-1.0149761870576897,0.028526274937604734,0.0
-0.6495092951079395,0.8072075420277469,0.0
1.074576074795088,-0.3347779263685273,1.0
1.0418968512398172,-0.5251015387891981,1.0
-0.5608005098405715,0.8076850712666049,0.0
-0.38298601228191,0.9080621076724281,0.0
0.14920530989023822,0.13287978543011322,1.0
0.5811319927734392,0.7854449844695831,0.0
0.07876407008564754,0.4923409458594458,1.0
0.12352788019900623,0.8401503189919006,0.0
-0.5472364209114307,0.6749369244081823,0.0
0.04926154968291845,0.05331740425358428,1.0
0.05568083063975568,0.2882207036289292,1.0
1.882686937183515,-0.014885510156386408,1.0
1.58173966723647,-0.2631467070891053,1.0
0.2858558823767764,-0.12776633380350622,1.0
0.6050979102466881,-0.41552225479892185,1.0
-0.47724728115285675,0.8404587590924514,0.0
1.0480652126248342,-0.15326210607288368,0.0
-0.8733220740674763,0.2113280330093528,0.0
0.9323442586920632,-0.6356377353509239,1.0
1.9587874371524847,0.19775543019492034,1.0
-0.9544649003158575,0.17037272469257814,0.0
1.920405304418512,0.2171679516004671,1.0
0.09394257277188373,-0.07770644864908832,1.0
1.7197300812754162,-0.2336765951841011,1.0
-0.216933981195068,0.9403171858682753,0.0
0.10828734292939596,0.42474334744695585,1.0
0.2840119786004877,-0.2310645338928727,1.0
-0.2339199478581911,1.0012882411865294,0.0
0.2370194765185957,1.0795322219345418,0.0
0.994919006250434,0.5214920723878197,0.0
1.1450172529315794,0.16315603425648675,0.0
1.0602837200458701,0.21291744200654034,0.0
0.16620661113912144,0.22354535836709621,1.0
-1.0902270996733117,0.45976084983410126,0.0
1.9131190149871073,0.08455878483698845,1.0
0.06117100928760838,1.0220150919703028,0.0
0.5415888931434433,0.9857724926312391,0.0
0.16780889816321945,0.39549749381706034,1.0
0.18930185594873492,0.02572842633073816,1.0
-1.0179743240507824,0.4088803687665852,0.0
0.416471118448731,1.0630355077572138,0.0
-0.630923731787227,0.8250388074601462,0.0
